"","Yr","TOT","SUMM","SSB","std","F","Catch","SSB_unfished","model"
"1",1991,155958,155958,57900.5,5636.55,0.124475,9797.54,77302,"scenario_1"
"2",1992,168514,168514,59747.5,4935.885,0.575473,43067.8,77302,"scenario_1"
"3",1993,147906,147906,54074,4632.585,0.516531,34204.7,77302,"scenario_1"
"4",1994,132284,132284,50454.5,4451.305,0.334502,21539.1,77302,"scenario_1"
"5",1995,129633,129633,48193.1,4083.425,0.255325,16534.1,77302,"scenario_1"
"6",1996,133225,133225,46969.3,3647.11,0.525238,31609.1,77302,"scenario_1"
"7",1997,124845,124845,44068.55,3206.66,0.460498,25164,77302,"scenario_1"
"8",1998,126834,126834,42451.2,2914.025,0.691838,34726.3,77302,"scenario_1"
"9",1999,127512,127512,40970.5,2858.56,0.583745,28130.4,77302,"scenario_1"
"10",2000,134830,134830,43384.85,2975.9,0.831895,39684.6,77302,"scenario_1"
"11",2001,130622,130622,43890.75,3123.53,0.702362,34207.3,77302,"scenario_1"
"12",2002,133897,133897,44358.2,3257.88,0.600586,30800.9,77302,"scenario_1"
"13",2003,140874,140874,45878.45,3410.29,0.608031,32456.7,77302,"scenario_1"
"14",2004,140840,140840,49260.1,3637.265,0.507624,28873.1,77302,"scenario_1"
"15",2005,135880,135880,50973.5,3543.085,0.36525,22693.6,77302,"scenario_1"
"16",2006,128771,128771,49714.5,3226.735,0.379304,24211.4,77302,"scenario_1"
"17",2007,117292,117292,43821.9,2802.06,0.615705,34354.6,77302,"scenario_1"
"18",2008,97342.4,97342.4,34264.25,2354.5,0.735808,31228.7,77302,"scenario_1"
"19",2009,83074.3,83074.3,27715.4,2004.36,0.894653,28581.7,77302,"scenario_1"
"20",2010,74095,74095,23371.85,1854.145,1.16095,29006.1,77302,"scenario_1"
"21",2011,64476.6,64476.6,21640.55,1817.01,0.440945,10888.6,77302,"scenario_1"
"22",2012,67690.3,67690.3,23931.4,1841.825,0.670744,18220,77302,"scenario_1"
"23",2013,62014.4,62014.4,22452.55,1808.68,0.500848,13612.3,77302,"scenario_1"
"24",2014,59765.1,59765.1,21463.35,1757.935,0.390031,10583.2,77302,"scenario_1"
"25",2015,60971.2,60971.2,21368.85,1726.765,0.336319,9209.56,77302,"scenario_1"
"26",2016,65889,65889,22193.15,1754.2,0.485732,13231.8,77302,"scenario_1"
"27",2017,68808.4,68808.4,22751.2,1864.12,0.564958,15170.3,77302,"scenario_1"
"28",2018,69638.1,69638.1,23427.7,2098.025,0.79611,20414.3,77302,"scenario_1"
"29",2019,63168.1,63168.1,21344.6,2150.57,0.823338,19186.9,77302,"scenario_1"
"30",2020,58437.4,58437.4,19294.2,2235.18,0.654258,14249.9,77302,"scenario_1"
"31",2021,60513.3,60513.3,18899.45,2324.35,0.659153,13966.1,77302,"scenario_1"
"32",2022,64219.4,64219.4,20050.85,2505.725,0.53401,11852,77302,"scenario_1"
"33",2023,68520.3,68520.3,23232.15,3072.99,0.277433,7311.63,77302,"scenario_1"
"34",2024,75762.4,75762.4,26456.3,3547.33,0.462701,14251.3,77302,"scenario_1"
"35",2025,79236.4,79236.4,26947.2,10628,0.481067,15584.4,77302,"scenario_1"
"36",2026,82991,82991,27583.6,16889.55,0.506437,16629.4,77302,"scenario_1"
"37",2027,87042.7,87042.7,28896.85,19568,0.559186,18711.7,77302,"scenario_1"
"38",2028,89916.8,89916.8,30003.5,18170.05,0.603651,20705.3,77302,"scenario_1"
"39",2029,91210.5,91210.5,30533.05,15504.05,0.624976,21799.3,77302,"scenario_1"
"40",2030,91494.7,91494.7,30657.9,13822.75,0.630012,22106.5,77302,"scenario_1"
"41",2031,91436.6,91436.6,30639.25,13313.2,0.629254,22091.2,77302,"scenario_1"
"42",2032,91356.1,91356.1,30607.8,13335.5,0.627984,22031.5,77302,"scenario_1"
"43",2033,91322.1,91322.1,30594.05,13440.1,0.627427,22001.3,77302,"scenario_1"
"44",2034,91316.5,91316.5,30591.55,13496.45,0.627326,21994.7,77302,"scenario_1"
"45",2035,91318.6,91318.6,30592.3,13510.15,0.627357,21995.7,77302,"scenario_1"
"46",2036,91320.7,91320.7,30593.1,13508.1,0.627389,21997.2,77302,"scenario_1"
"47",1991,155958,155958,57900.5,5636.55,0.124475,9797.54,77302,"scenario_2"
"48",1992,168514,168514,59747.5,4935.885,0.575473,43067.8,77302,"scenario_2"
"49",1993,147906,147906,54074,4632.585,0.516531,34204.7,77302,"scenario_2"
"50",1994,132284,132284,50454.5,4451.305,0.334502,21539.1,77302,"scenario_2"
"51",1995,129633,129633,48193.1,4083.425,0.255325,16534.1,77302,"scenario_2"
"52",1996,133225,133225,46969.3,3647.11,0.525238,31609.1,77302,"scenario_2"
"53",1997,124845,124845,44068.55,3206.66,0.460498,25164,77302,"scenario_2"
"54",1998,126834,126834,42451.2,2914.025,0.691838,34726.3,77302,"scenario_2"
"55",1999,127512,127512,40970.5,2858.56,0.583745,28130.4,77302,"scenario_2"
"56",2000,134830,134830,43384.85,2975.9,0.831895,39684.6,77302,"scenario_2"
"57",2001,130622,130622,43890.75,3123.53,0.702362,34207.3,77302,"scenario_2"
"58",2002,133897,133897,44358.2,3257.88,0.600586,30800.9,77302,"scenario_2"
"59",2003,140874,140874,45878.45,3410.29,0.608031,32456.7,77302,"scenario_2"
"60",2004,140840,140840,49260.1,3637.265,0.507624,28873.1,77302,"scenario_2"
"61",2005,135880,135880,50973.5,3543.085,0.36525,22693.6,77302,"scenario_2"
"62",2006,128771,128771,49714.5,3226.735,0.379304,24211.4,77302,"scenario_2"
"63",2007,117292,117292,43821.9,2802.06,0.615705,34354.6,77302,"scenario_2"
"64",2008,97342.4,97342.4,34264.25,2354.5,0.735808,31228.7,77302,"scenario_2"
"65",2009,83074.3,83074.3,27715.4,2004.36,0.894653,28581.7,77302,"scenario_2"
"66",2010,74095,74095,23371.85,1854.145,1.16095,29006.1,77302,"scenario_2"
"67",2011,64476.6,64476.6,21640.55,1817.01,0.440945,10888.6,77302,"scenario_2"
"68",2012,67690.3,67690.3,23931.4,1841.825,0.670744,18220,77302,"scenario_2"
"69",2013,62014.4,62014.4,22452.55,1808.68,0.500848,13612.3,77302,"scenario_2"
"70",2014,59765.1,59765.1,21463.35,1757.935,0.390031,10583.2,77302,"scenario_2"
"71",2015,60971.2,60971.2,21368.85,1726.765,0.336319,9209.56,77302,"scenario_2"
"72",2016,65889,65889,22193.15,1754.2,0.485732,13231.8,77302,"scenario_2"
"73",2017,68808.4,68808.4,22751.2,1864.12,0.564958,15170.3,77302,"scenario_2"
"74",2018,69638.1,69638.1,23427.7,2098.025,0.79611,20414.3,77302,"scenario_2"
"75",2019,63168.1,63168.1,21344.6,2150.57,0.823338,19186.9,77302,"scenario_2"
"76",2020,58437.4,58437.4,19294.2,2235.18,0.654258,14249.9,77302,"scenario_2"
"77",2021,60513.3,60513.3,18899.45,2324.35,0.659153,13966.1,77302,"scenario_2"
"78",2022,64219.4,64219.4,20050.85,2505.725,0.53401,11852,77302,"scenario_2"
"79",2023,68520.3,68520.3,23232.15,3072.99,0.277433,7311.63,77302,"scenario_2"
"80",2024,75762.4,75762.4,26456.3,3547.33,0.462701,14251.3,77302,"scenario_2"
"81",2025,79236.4,79236.4,26947.2,10628,0.481067,15584.4,77302,"scenario_2"
"82",2026,82991,82991,27583.6,16889.55,0.506437,16629.4,77302,"scenario_2"
"83",2027,87042.7,87042.7,28896.85,19568,0.559186,18711.7,77302,"scenario_2"
"84",2028,89916.8,89916.8,30003.5,18170.05,0.603651,20705.3,77302,"scenario_2"
"85",2029,91210.5,91210.5,30533.05,15504.05,0.624976,21799.3,77302,"scenario_2"
"86",2030,91494.7,91494.7,30657.9,13822.75,0.630012,22106.5,77302,"scenario_2"
"87",2031,91436.6,91436.6,30639.25,13313.2,0.629254,22091.2,77302,"scenario_2"
"88",2032,91356.1,91356.1,30607.8,13335.5,0.627984,22031.5,77302,"scenario_2"
"89",2033,91322.1,91322.1,30594.05,13440.1,0.627427,22001.3,77302,"scenario_2"
"90",2034,91316.5,91316.5,30591.55,13496.45,0.627326,21994.7,77302,"scenario_2"
"91",2035,91318.6,91318.6,30592.3,13510.15,0.627357,21995.7,77302,"scenario_2"
"92",2036,91320.7,91320.7,30593.1,13508.1,0.627389,21997.2,77302,"scenario_2"
"93",1991,155958,155958,57900.5,5636.55,0.124475,9797.54,77302,"scenario_3"
"94",1992,168514,168514,59747.5,4935.885,0.575473,43067.8,77302,"scenario_3"
"95",1993,147906,147906,54074,4632.585,0.516531,34204.7,77302,"scenario_3"
"96",1994,132284,132284,50454.5,4451.305,0.334502,21539.1,77302,"scenario_3"
"97",1995,129633,129633,48193.1,4083.425,0.255325,16534.1,77302,"scenario_3"
"98",1996,133225,133225,46969.3,3647.11,0.525238,31609.1,77302,"scenario_3"
"99",1997,124845,124845,44068.55,3206.66,0.460498,25164,77302,"scenario_3"
"100",1998,126834,126834,42451.2,2914.025,0.691838,34726.3,77302,"scenario_3"
"101",1999,127512,127512,40970.5,2858.56,0.583745,28130.4,77302,"scenario_3"
"102",2000,134830,134830,43384.85,2975.9,0.831895,39684.6,77302,"scenario_3"
"103",2001,130622,130622,43890.75,3123.53,0.702362,34207.3,77302,"scenario_3"
"104",2002,133897,133897,44358.2,3257.88,0.600586,30800.9,77302,"scenario_3"
"105",2003,140874,140874,45878.45,3410.29,0.608031,32456.7,77302,"scenario_3"
"106",2004,140840,140840,49260.1,3637.265,0.507624,28873.1,77302,"scenario_3"
"107",2005,135880,135880,50973.5,3543.085,0.36525,22693.6,77302,"scenario_3"
"108",2006,128771,128771,49714.5,3226.735,0.379304,24211.4,77302,"scenario_3"
"109",2007,117292,117292,43821.9,2802.06,0.615705,34354.6,77302,"scenario_3"
"110",2008,97342.4,97342.4,34264.25,2354.5,0.735808,31228.7,77302,"scenario_3"
"111",2009,83074.3,83074.3,27715.4,2004.36,0.894653,28581.7,77302,"scenario_3"
"112",2010,74095,74095,23371.85,1854.145,1.16095,29006.1,77302,"scenario_3"
"113",2011,64476.6,64476.6,21640.55,1817.01,0.440945,10888.6,77302,"scenario_3"
"114",2012,67690.3,67690.3,23931.4,1841.825,0.670744,18220,77302,"scenario_3"
"115",2013,62014.4,62014.4,22452.55,1808.68,0.500848,13612.3,77302,"scenario_3"
"116",2014,59765.1,59765.1,21463.35,1757.935,0.390031,10583.2,77302,"scenario_3"
"117",2015,60971.2,60971.2,21368.85,1726.765,0.336319,9209.56,77302,"scenario_3"
"118",2016,65889,65889,22193.15,1754.2,0.485732,13231.8,77302,"scenario_3"
"119",2017,68808.4,68808.4,22751.2,1864.12,0.564958,15170.3,77302,"scenario_3"
"120",2018,69638.1,69638.1,23427.7,2098.025,0.79611,20414.3,77302,"scenario_3"
"121",2019,63168.1,63168.1,21344.6,2150.57,0.823338,19186.9,77302,"scenario_3"
"122",2020,58437.4,58437.4,19294.2,2235.18,0.654258,14249.9,77302,"scenario_3"
"123",2021,60513.3,60513.3,18899.45,2324.35,0.659153,13966.1,77302,"scenario_3"
"124",2022,64219.4,64219.4,20050.85,2505.725,0.53401,11852,77302,"scenario_3"
"125",2023,68520.3,68520.3,23232.15,3072.99,0.277433,7311.63,77302,"scenario_3"
"126",2024,75762.4,75762.4,26386.1,3560.51,0.496496,15173.2,77302,"scenario_3"
"127",2025,78477.8,78477.8,26575.4,10446.5,0.503446,16001.9,77302,"scenario_3"
"128",2026,81968.6,81968.6,27102.65,16401.05,0.526358,16878.9,77302,"scenario_3"
"129",2027,85947.6,85947.6,28380.6,18887.1,0.582192,18997.4,77302,"scenario_3"
"130",2028,88743,88743,29451.45,17380.8,0.628928,21019.6,77302,"scenario_3"
"131",2029,89945.1,89945.1,29942.5,14737.9,0.650381,22084.1,77302,"scenario_3"
"132",2030,90169.1,90169.1,30043.05,13166.2,0.654764,22349.8,77302,"scenario_3"
"133",2031,90092,90092,30016.75,12746.45,0.653602,22314.7,77302,"scenario_3"
"134",2032,90013.3,90013.3,29986.1,12803.65,0.652256,22252.6,77302,"scenario_3"
"135",2033,89984.5,89984.5,29974.4,12909.6,0.651743,22225.4,77302,"scenario_3"
"136",2034,89981.7,89981.7,29973,12958.45,0.651683,22221,77302,"scenario_3"
"137",2035,89984.5,89984.5,29974.05,12967,0.651728,22222.8,77302,"scenario_3"
"138",2036,89986.3,89986.3,29974.75,12963.35,0.651761,22224.4,77302,"scenario_3"
"139",1991,155958,155958,57900.5,5636.55,0.124475,9797.54,77302,"scenario_4"
"140",1992,168514,168514,59747.5,4935.885,0.575473,43067.8,77302,"scenario_4"
"141",1993,147906,147906,54074,4632.585,0.516531,34204.7,77302,"scenario_4"
"142",1994,132284,132284,50454.5,4451.305,0.334502,21539.1,77302,"scenario_4"
"143",1995,129633,129633,48193.1,4083.425,0.255325,16534.1,77302,"scenario_4"
"144",1996,133225,133225,46969.3,3647.11,0.525238,31609.1,77302,"scenario_4"
"145",1997,124845,124845,44068.55,3206.66,0.460498,25164,77302,"scenario_4"
"146",1998,126834,126834,42451.2,2914.025,0.691838,34726.3,77302,"scenario_4"
"147",1999,127512,127512,40970.5,2858.56,0.583745,28130.4,77302,"scenario_4"
"148",2000,134830,134830,43384.85,2975.9,0.831895,39684.6,77302,"scenario_4"
"149",2001,130622,130622,43890.75,3123.53,0.702362,34207.3,77302,"scenario_4"
"150",2002,133897,133897,44358.2,3257.88,0.600586,30800.9,77302,"scenario_4"
"151",2003,140874,140874,45878.45,3410.29,0.608031,32456.7,77302,"scenario_4"
"152",2004,140840,140840,49260.1,3637.265,0.507624,28873.1,77302,"scenario_4"
"153",2005,135880,135880,50973.5,3543.085,0.36525,22693.6,77302,"scenario_4"
"154",2006,128771,128771,49714.5,3226.735,0.379304,24211.4,77302,"scenario_4"
"155",2007,117292,117292,43821.9,2802.06,0.615705,34354.6,77302,"scenario_4"
"156",2008,97342.4,97342.4,34264.25,2354.5,0.735808,31228.7,77302,"scenario_4"
"157",2009,83074.3,83074.3,27715.4,2004.36,0.894653,28581.7,77302,"scenario_4"
"158",2010,74095,74095,23371.85,1854.145,1.16095,29006.1,77302,"scenario_4"
"159",2011,64476.6,64476.6,21640.55,1817.01,0.440945,10888.6,77302,"scenario_4"
"160",2012,67690.3,67690.3,23931.4,1841.825,0.670744,18220,77302,"scenario_4"
"161",2013,62014.4,62014.4,22452.55,1808.68,0.500848,13612.3,77302,"scenario_4"
"162",2014,59765.1,59765.1,21463.35,1757.935,0.390031,10583.2,77302,"scenario_4"
"163",2015,60971.2,60971.2,21368.85,1726.765,0.336319,9209.56,77302,"scenario_4"
"164",2016,65889,65889,22193.15,1754.2,0.485732,13231.8,77302,"scenario_4"
"165",2017,68808.4,68808.4,22751.2,1864.12,0.564958,15170.3,77302,"scenario_4"
"166",2018,69638.1,69638.1,23427.7,2098.025,0.79611,20414.3,77302,"scenario_4"
"167",2019,63168.1,63168.1,21344.6,2150.57,0.823338,19186.9,77302,"scenario_4"
"168",2020,58437.4,58437.4,19294.2,2235.18,0.654258,14249.9,77302,"scenario_4"
"169",2021,60513.3,60513.3,18899.45,2324.35,0.659153,13966.1,77302,"scenario_4"
"170",2022,64219.4,64219.4,20050.85,2505.725,0.53401,11852,77302,"scenario_4"
"171",2023,68520.3,68520.3,23232.15,3072.99,0.277433,7311.63,77302,"scenario_4"
"172",2024,75762.4,75762.4,27219.45,3830.865,0.102292,3433.55,77302,"scenario_4"
"173",2025,88200.9,88200.9,31720.5,13626.95,0.130521,5377.09,77302,"scenario_4"
"174",2026,99457.6,99457.6,35829.7,28033.7,0.130521,6188.48,77302,"scenario_4"
"175",2027,110007,110007,40213.95,41152.8,0.130521,6959.57,77302,"scenario_4"
"176",2028,119273,119273,44330.3,50259.5,0.130521,7721.04,77302,"scenario_4"
"177",2029,126866,126866,47787.05,55686,0.130521,8418.93,77302,"scenario_4"
"178",2030,132738,132738,50483,58559,0.130521,8996.4,77302,"scenario_4"
"179",2031,137039,137039,52463,59910.5,0.130521,9436.78,77302,"scenario_4"
"180",2032,140047,140047,53850,60481.5,0.130521,9754.63,77302,"scenario_4"
"181",2033,142113,142113,54802.5,60626.5,0.130521,9972.45,77302,"scenario_4"
"182",2034,143495,143495,55440,60593,0.130521,10118,77302,"scenario_4"
"183",2035,144403,144403,55859,60505,0.130521,10213.6,77302,"scenario_4"
"184",2036,144992,144992,56131,60415,0.130521,10275.4,77302,"scenario_4"
"185",1991,155958,155958,57900.5,5636.55,0.124475,9797.54,77302,"scenario_5"
"186",1992,168514,168514,59747.5,4935.885,0.575473,43067.8,77302,"scenario_5"
"187",1993,147906,147906,54074,4632.585,0.516531,34204.7,77302,"scenario_5"
"188",1994,132284,132284,50454.5,4451.305,0.334502,21539.1,77302,"scenario_5"
"189",1995,129633,129633,48193.1,4083.425,0.255325,16534.1,77302,"scenario_5"
"190",1996,133225,133225,46969.3,3647.11,0.525238,31609.1,77302,"scenario_5"
"191",1997,124845,124845,44068.55,3206.66,0.460498,25164,77302,"scenario_5"
"192",1998,126834,126834,42451.2,2914.025,0.691838,34726.3,77302,"scenario_5"
"193",1999,127512,127512,40970.5,2858.56,0.583745,28130.4,77302,"scenario_5"
"194",2000,134830,134830,43384.85,2975.9,0.831895,39684.6,77302,"scenario_5"
"195",2001,130622,130622,43890.75,3123.53,0.702362,34207.3,77302,"scenario_5"
"196",2002,133897,133897,44358.2,3257.88,0.600586,30800.9,77302,"scenario_5"
"197",2003,140874,140874,45878.45,3410.29,0.608031,32456.7,77302,"scenario_5"
"198",2004,140840,140840,49260.1,3637.265,0.507624,28873.1,77302,"scenario_5"
"199",2005,135880,135880,50973.5,3543.085,0.36525,22693.6,77302,"scenario_5"
"200",2006,128771,128771,49714.5,3226.735,0.379304,24211.4,77302,"scenario_5"
"201",2007,117292,117292,43821.9,2802.06,0.615705,34354.6,77302,"scenario_5"
"202",2008,97342.4,97342.4,34264.25,2354.5,0.735808,31228.7,77302,"scenario_5"
"203",2009,83074.3,83074.3,27715.4,2004.36,0.894653,28581.7,77302,"scenario_5"
"204",2010,74095,74095,23371.85,1854.145,1.16095,29006.1,77302,"scenario_5"
"205",2011,64476.6,64476.6,21640.55,1817.01,0.440945,10888.6,77302,"scenario_5"
"206",2012,67690.3,67690.3,23931.4,1841.825,0.670744,18220,77302,"scenario_5"
"207",2013,62014.4,62014.4,22452.55,1808.68,0.500848,13612.3,77302,"scenario_5"
"208",2014,59765.1,59765.1,21463.35,1757.935,0.390031,10583.2,77302,"scenario_5"
"209",2015,60971.2,60971.2,21368.85,1726.765,0.336319,9209.56,77302,"scenario_5"
"210",2016,65889,65889,22193.15,1754.2,0.485732,13231.8,77302,"scenario_5"
"211",2017,68808.4,68808.4,22751.2,1864.12,0.564958,15170.3,77302,"scenario_5"
"212",2018,69638.1,69638.1,23427.7,2098.025,0.79611,20414.3,77302,"scenario_5"
"213",2019,63168.1,63168.1,21344.6,2150.57,0.823338,19186.9,77302,"scenario_5"
"214",2020,58437.4,58437.4,19294.2,2235.18,0.654258,14249.9,77302,"scenario_5"
"215",2021,60513.3,60513.3,18899.45,2324.35,0.659153,13966.1,77302,"scenario_5"
"216",2022,64219.4,64219.4,20050.85,2505.725,0.53401,11852,77302,"scenario_5"
"217",2023,68520.3,68520.3,23232.15,3072.99,0.277433,7311.63,77302,"scenario_5"
"218",2024,75762.4,75762.4,27441,3914.54,0,0,77302,"scenario_5"
"219",2025,91068.4,91068.4,33378.05,14428.15,0,0,77302,"scenario_5"
"220",2026,106509,106509,39476.95,30660.75,0,0,77302,"scenario_5"
"221",2027,121288,121288,45882.5,46599.8,0,0,77302,"scenario_5"
"222",2028,134643,134643,51964,59267.5,0,0,77302,"scenario_5"
"223",2029,146132,146132,57301,68570,0,0,77302,"scenario_5"
"224",2030,155674,155674,61768.5,75125.5,0,0,77302,"scenario_5"
"225",2031,163311,163311,65356.5,79621,0,0,77302,"scenario_5"
"226",2032,169226,169226,68141.5,82706,0,0,77302,"scenario_5"
"227",2033,173773,173773,70283,84686.5,0,0,77302,"scenario_5"
"228",2034,177196,177196,71896,85929.5,0,0,77302,"scenario_5"
"229",2035,179735,179735,73093,86704,0,0,77302,"scenario_5"
"230",2036,181598,181598,73971.5,87184.5,0,0,77302,"scenario_5"
"231",1991,155958,155958,57900.5,5636.55,0.124475,9797.54,77302,"scenario_6"
"232",1992,168514,168514,59747.5,4935.885,0.575473,43067.8,77302,"scenario_6"
"233",1993,147906,147906,54074,4632.585,0.516531,34204.7,77302,"scenario_6"
"234",1994,132284,132284,50454.5,4451.305,0.334502,21539.1,77302,"scenario_6"
"235",1995,129633,129633,48193.1,4083.425,0.255325,16534.1,77302,"scenario_6"
"236",1996,133225,133225,46969.3,3647.11,0.525238,31609.1,77302,"scenario_6"
"237",1997,124845,124845,44068.55,3206.66,0.460498,25164,77302,"scenario_6"
"238",1998,126834,126834,42451.2,2914.025,0.691838,34726.3,77302,"scenario_6"
"239",1999,127512,127512,40970.5,2858.56,0.583745,28130.4,77302,"scenario_6"
"240",2000,134830,134830,43384.85,2975.9,0.831895,39684.6,77302,"scenario_6"
"241",2001,130622,130622,43890.75,3123.53,0.702362,34207.3,77302,"scenario_6"
"242",2002,133897,133897,44358.2,3257.88,0.600586,30800.9,77302,"scenario_6"
"243",2003,140874,140874,45878.45,3410.29,0.608031,32456.7,77302,"scenario_6"
"244",2004,140840,140840,49260.1,3637.265,0.507624,28873.1,77302,"scenario_6"
"245",2005,135880,135880,50973.5,3543.085,0.36525,22693.6,77302,"scenario_6"
"246",2006,128771,128771,49714.5,3226.735,0.379304,24211.4,77302,"scenario_6"
"247",2007,117292,117292,43821.9,2802.06,0.615705,34354.6,77302,"scenario_6"
"248",2008,97342.4,97342.4,34264.25,2354.5,0.735808,31228.7,77302,"scenario_6"
"249",2009,83074.3,83074.3,27715.4,2004.36,0.894653,28581.7,77302,"scenario_6"
"250",2010,74095,74095,23371.85,1854.145,1.16095,29006.1,77302,"scenario_6"
"251",2011,64476.6,64476.6,21640.55,1817.01,0.440945,10888.6,77302,"scenario_6"
"252",2012,67690.3,67690.3,23931.4,1841.825,0.670744,18220,77302,"scenario_6"
"253",2013,62014.4,62014.4,22452.55,1808.68,0.500848,13612.3,77302,"scenario_6"
"254",2014,59765.1,59765.1,21463.35,1757.935,0.390031,10583.2,77302,"scenario_6"
"255",2015,60971.2,60971.2,21368.85,1726.765,0.336319,9209.56,77302,"scenario_6"
"256",2016,65889,65889,22193.15,1754.2,0.485732,13231.8,77302,"scenario_6"
"257",2017,68808.4,68808.4,22751.2,1864.12,0.564958,15170.3,77302,"scenario_6"
"258",2018,69638.1,69638.1,23427.7,2098.025,0.79611,20414.3,77302,"scenario_6"
"259",2019,63168.1,63168.1,21344.6,2150.57,0.823338,19186.9,77302,"scenario_6"
"260",2020,58437.4,58437.4,19294.2,2235.18,0.654258,14249.9,77302,"scenario_6"
"261",2021,60513.3,60513.3,18899.45,2324.35,0.659153,13966.1,77302,"scenario_6"
"262",2022,64219.4,64219.4,20050.85,2505.725,0.53401,11852,77302,"scenario_6"
"263",2023,68520.3,68520.3,23232.15,3072.99,0.277433,7311.63,77302,"scenario_6"
"264",2024,75762.4,75762.4,26233.15,3465.2,0.570535,17142.3,77302,"scenario_6"
"265",2025,76860.4,76860.4,25797.75,10063.7,0.546949,16704,77302,"scenario_6"
"266",2026,79943.4,79943.4,26156.7,15463.15,0.565667,17294.4,77302,"scenario_6"
"267",2027,83842.6,83842.6,27389.85,17572.55,0.629498,19543,77302,"scenario_6"
"268",2028,86488.7,86488.7,28392.95,15847.2,0.681204,21628.4,77302,"scenario_6"
"269",2029,87505.4,87505.4,28807.65,13264.95,0.702523,22619.2,77302,"scenario_6"
"270",2030,87617,87617,28863.35,11920.1,0.705338,22797.6,77302,"scenario_6"
"271",2031,87511.6,87511.6,28826.05,11667.35,0.703386,22727.6,77302,"scenario_6"
"272",2032,87441.2,87441.2,28798.65,11777.25,0.701969,22665.3,77302,"scenario_6"
"273",2033,87423,87423,28791.1,11876.6,0.701582,22645.4,77302,"scenario_6"
"274",2034,87424.6,87424.6,28791.45,11909.1,0.701603,22645.1,77302,"scenario_6"
"275",2035,87427.9,87427.9,28792.7,11909.2,0.701667,22647.8,77302,"scenario_6"
"276",2036,87429.3,87429.3,28793.25,11903.95,0.701696,22649.1,77302,"scenario_6"
"277",1991,155958,155958,57900.5,5636.55,0.124475,9797.54,77302,"scenario_7"
"278",1992,168514,168514,59747.5,4935.885,0.575473,43067.8,77302,"scenario_7"
"279",1993,147906,147906,54074,4632.585,0.516531,34204.7,77302,"scenario_7"
"280",1994,132284,132284,50454.5,4451.305,0.334502,21539.1,77302,"scenario_7"
"281",1995,129633,129633,48193.1,4083.425,0.255325,16534.1,77302,"scenario_7"
"282",1996,133225,133225,46969.3,3647.11,0.525238,31609.1,77302,"scenario_7"
"283",1997,124845,124845,44068.55,3206.66,0.460498,25164,77302,"scenario_7"
"284",1998,126834,126834,42451.2,2914.025,0.691838,34726.3,77302,"scenario_7"
"285",1999,127512,127512,40970.5,2858.56,0.583745,28130.4,77302,"scenario_7"
"286",2000,134830,134830,43384.85,2975.9,0.831895,39684.6,77302,"scenario_7"
"287",2001,130622,130622,43890.75,3123.53,0.702362,34207.3,77302,"scenario_7"
"288",2002,133897,133897,44358.2,3257.88,0.600586,30800.9,77302,"scenario_7"
"289",2003,140874,140874,45878.45,3410.29,0.608031,32456.7,77302,"scenario_7"
"290",2004,140840,140840,49260.1,3637.265,0.507624,28873.1,77302,"scenario_7"
"291",2005,135880,135880,50973.5,3543.085,0.36525,22693.6,77302,"scenario_7"
"292",2006,128771,128771,49714.5,3226.735,0.379304,24211.4,77302,"scenario_7"
"293",2007,117292,117292,43821.9,2802.06,0.615705,34354.6,77302,"scenario_7"
"294",2008,97342.4,97342.4,34264.25,2354.5,0.735808,31228.7,77302,"scenario_7"
"295",2009,83074.3,83074.3,27715.4,2004.36,0.894653,28581.7,77302,"scenario_7"
"296",2010,74095,74095,23371.85,1854.145,1.16095,29006.1,77302,"scenario_7"
"297",2011,64476.6,64476.6,21640.55,1817.01,0.440945,10888.6,77302,"scenario_7"
"298",2012,67690.3,67690.3,23931.4,1841.825,0.670744,18220,77302,"scenario_7"
"299",2013,62014.4,62014.4,22452.55,1808.68,0.500848,13612.3,77302,"scenario_7"
"300",2014,59765.1,59765.1,21463.35,1757.935,0.390031,10583.2,77302,"scenario_7"
"301",2015,60971.2,60971.2,21368.85,1726.765,0.336319,9209.56,77302,"scenario_7"
"302",2016,65889,65889,22193.15,1754.2,0.485732,13231.8,77302,"scenario_7"
"303",2017,68808.4,68808.4,22751.2,1864.12,0.564958,15170.3,77302,"scenario_7"
"304",2018,69638.1,69638.1,23427.7,2098.025,0.79611,20414.3,77302,"scenario_7"
"305",2019,63168.1,63168.1,21344.6,2150.57,0.823338,19186.9,77302,"scenario_7"
"306",2020,58437.4,58437.4,19294.2,2235.18,0.654258,14249.9,77302,"scenario_7"
"307",2021,60513.3,60513.3,18899.45,2324.35,0.659153,13966.1,77302,"scenario_7"
"308",2022,64219.4,64219.4,20050.85,2505.725,0.53401,11852,77302,"scenario_7"
"309",2023,68520.3,68520.3,23232.15,3072.99,0.277433,7311.63,77302,"scenario_7"
"310",2024,75762.4,75762.4,26456.3,3929.855,0.4627,14251.3,77302,"scenario_7"
"311",2025,79236.4,79236.4,26947.2,14029.95,0.481065,15584.3,77302,"scenario_7"
"312",2026,82991,82991,27314.15,24243.45,0.624226,19914.5,77302,"scenario_7"
"313",2027,84345.5,84345.5,27594.95,18525.1,0.639799,20052.3,77302,"scenario_7"
"314",2028,86424,86424,28373.95,15548.3,0.680181,21608,77302,"scenario_7"
"315",2029,87412.5,87412.5,28772.85,13066.25,0.70072,22542.1,77302,"scenario_7"
"316",2030,87581.9,87581.9,28849.45,11883.85,0.70462,22763.3,77302,"scenario_7"
"317",2031,87507.8,87507.8,28824.2,11679.4,0.703294,22721.8,77302,"scenario_7"
"318",2032,87444.3,87444.3,28799.75,11787.4,0.702026,22667.4,77302,"scenario_7"
"319",2033,87425.1,87425.1,28791.9,11879,0.701622,22647.2,77302,"scenario_7"
"320",2034,87425.1,87425.1,28791.7,11908.5,0.701614,22645.7,77302,"scenario_7"
"321",2035,87427.9,87427.9,28792.7,11908.55,0.701667,22647.8,77302,"scenario_7"
"322",2036,87429.2,87429.2,28793.25,11903.75,0.701694,22649,77302,"scenario_7"
